{
  "numFailedTestSuites": 1,
  "numFailedTests": 3,
  "numPassedTestSuites": 1,
  "numPassedTests": 7,
  "numPendingTestSuites": 0,
  "numPendingTests": 0,
  "numRuntimeErrorTestSuites": 0,
  "numTodoTests": 0,
  "numTotalTestSuites": 2,
  "numTotalTests": 10,
  "openHandles": [],
  "snapshot": {
    "added": 0,
    "didUpdate": false,
    "failure": false,
    "filesAdded": 0,
    "filesRemoved": 0,
    "filesRemovedList": [],
    "filesUnmatched": 0,
    "filesUpdated": 0,
    "matched": 0,
    "total": 0,
    "unchecked": 0,
    "uncheckedKeysByFile": [],
    "unmatched": 0,
    "updated": 0
  },
  "startTime": 1739696466942,
  "success": false,
  "testResults": [
    {
      "leaks": false,
      "numFailingTests": 3,
      "numPassingTests": 6,
      "numPendingTests": 0,
      "numTodoTests": 0,
      "openHandles": [],
      "perfStats": {
        "end": 1739696467265,
        "runtime": 278,
        "slow": false,
        "start": 1739696466987
      },
      "skipped": false,
      "snapshot": {
        "added": 0,
        "fileDeleted": false,
        "matched": 0,
        "unchecked": 0,
        "uncheckedKeys": [],
        "unmatched": 0,
        "updated": 0
      },
      "testFilePath": "/Users/yuanzhijia/Desktop/yideng-interface/tests/unit/address.spec.ts",
      "testResults": [
        {
          "ancestorTitles": [
            "formatWalletAddress"
          ],
          "duration": 160,
          "failureDetails": [],
          "failureMessages": [],
          "fullName": "formatWalletAddress formats normal ethereum address correctly",
          "invocations": 1,
          "location": null,
          "numPassingAsserts": 1,
          "retryReasons": [],
          "status": "passed",
          "title": "formats normal ethereum address correctly"
        },
        {
          "ancestorTitles": [
            "formatWalletAddress"
          ],
          "duration": 0,
          "failureDetails": [],
          "failureMessages": [],
          "fullName": "formatWalletAddress formats address without 0x prefix correctly",
          "invocations": 1,
          "location": null,
          "numPassingAsserts": 1,
          "retryReasons": [],
          "status": "passed",
          "title": "formats address without 0x prefix correctly"
        },
        {
          "ancestorTitles": [
            "formatWalletAddress"
          ],
          "duration": 0,
          "failureDetails": [],
          "failureMessages": [],
          "fullName": "formatWalletAddress formats with custom lengths correctly",
          "invocations": 1,
          "location": null,
          "numPassingAsserts": 1,
          "retryReasons": [],
          "status": "passed",
          "title": "formats with custom lengths correctly"
        },
        {
          "ancestorTitles": [
            "formatWalletAddress"
          ],
          "duration": 0,
          "failureDetails": [],
          "failureMessages": [],
          "fullName": "formatWalletAddress handles empty address",
          "invocations": 1,
          "location": null,
          "numPassingAsserts": 1,
          "retryReasons": [],
          "status": "passed",
          "title": "handles empty address"
        },
        {
          "ancestorTitles": [
            "formatWalletAddress"
          ],
          "duration": 0,
          "failureDetails": [],
          "failureMessages": [],
          "fullName": "formatWalletAddress returns original address if too short",
          "invocations": 1,
          "location": null,
          "numPassingAsserts": 1,
          "retryReasons": [],
          "status": "passed",
          "title": "returns original address if too short"
        },
        {
          "ancestorTitles": [
            "formatWalletAddress"
          ],
          "duration": 1,
          "failureDetails": [
            {
              "matcherResult": {
                "actual": "0x123456...1234",
                "expected": "0x12345678901234",
                "message": "\u001b[2mexpect(\u001b[22m\u001b[31mreceived\u001b[39m\u001b[2m).\u001b[22mtoBe\u001b[2m(\u001b[22m\u001b[32mexpected\u001b[39m\u001b[2m) // Object.is equality\u001b[22m\n\nExpected: \u001b[32m\"0x123456\u001b[7m7890\u001b[27m1234\"\u001b[39m\nReceived: \u001b[31m\"0x123456\u001b[7m...\u001b[27m1234\"\u001b[39m",
                "name": "toBe",
                "pass": false
              }
            }
          ],
          "failureMessages": [
            "Error: \u001b[2mexpect(\u001b[22m\u001b[31mreceived\u001b[39m\u001b[2m).\u001b[22mtoBe\u001b[2m(\u001b[22m\u001b[32mexpected\u001b[39m\u001b[2m) // Object.is equality\u001b[22m\n\nExpected: \u001b[32m\"0x123456\u001b[7m7890\u001b[27m1234\"\u001b[39m\nReceived: \u001b[31m\"0x123456\u001b[7m...\u001b[27m1234\"\u001b[39m\n    at Object.address (/Users/yuanzhijia/Desktop/yideng-interface/tests/unit/address.spec.ts:47:11)\n    at Promise.then.completed (/Users/yuanzhijia/Desktop/yideng-interface/node_modules/.pnpm/jest-circus@29.7.0/node_modules/jest-circus/build/utils.js:298:28)\n    at new Promise (<anonymous>)\n    at callAsyncCircusFn (/Users/yuanzhijia/Desktop/yideng-interface/node_modules/.pnpm/jest-circus@29.7.0/node_modules/jest-circus/build/utils.js:231:10)\n    at _callCircusTest (/Users/yuanzhijia/Desktop/yideng-interface/node_modules/.pnpm/jest-circus@29.7.0/node_modules/jest-circus/build/run.js:316:40)\n    at processTicksAndRejections (node:internal/process/task_queues:105:5)\n    at _runTest (/Users/yuanzhijia/Desktop/yideng-interface/node_modules/.pnpm/jest-circus@29.7.0/node_modules/jest-circus/build/run.js:252:3)\n    at _runTestsForDescribeBlock (/Users/yuanzhijia/Desktop/yideng-interface/node_modules/.pnpm/jest-circus@29.7.0/node_modules/jest-circus/build/run.js:148:7)\n    at _runTestsForDescribeBlock (/Users/yuanzhijia/Desktop/yideng-interface/node_modules/.pnpm/jest-circus@29.7.0/node_modules/jest-circus/build/run.js:121:9)\n    at run (/Users/yuanzhijia/Desktop/yideng-interface/node_modules/.pnpm/jest-circus@29.7.0/node_modules/jest-circus/build/run.js:71:3)\n    at runAndTransformResultsToJestFormat (/Users/yuanzhijia/Desktop/yideng-interface/node_modules/.pnpm/jest-circus@29.7.0/node_modules/jest-circus/build/legacy-code-todo-rewrite/jestAdapterInit.js:122:21)\n    at jestAdapter (/Users/yuanzhijia/Desktop/yideng-interface/node_modules/.pnpm/jest-circus@29.7.0/node_modules/jest-circus/build/legacy-code-todo-rewrite/jestAdapter.js:79:19)\n    at runTestInternal (/Users/yuanzhijia/Desktop/yideng-interface/node_modules/.pnpm/jest-runner@29.7.0/node_modules/jest-runner/build/runTest.js:367:16)\n    at runTest (/Users/yuanzhijia/Desktop/yideng-interface/node_modules/.pnpm/jest-runner@29.7.0/node_modules/jest-runner/build/runTest.js:444:34)"
          ],
          "fullName": "formatWalletAddress handles address equal to start + end length",
          "invocations": 2,
          "location": null,
          "numPassingAsserts": 0,
          "retryReasons": [],
          "status": "failed",
          "title": "handles address equal to start + end length"
        },
        {
          "ancestorTitles": [
            "formatWalletAddress"
          ],
          "duration": 1,
          "failureDetails": [
            {
              "matcherResult": {
                "actual": "0x123456789a...3456789a",
                "expected": "0x123456789a...456789a",
                "message": "\u001b[2mexpect(\u001b[22m\u001b[31mreceived\u001b[39m\u001b[2m).\u001b[22mtoBe\u001b[2m(\u001b[22m\u001b[32mexpected\u001b[39m\u001b[2m) // Object.is equality\u001b[22m\n\nExpected: \u001b[32m\"0x123456789a...456789a\"\u001b[39m\nReceived: \u001b[31m\"0x123456789a...\u001b[7m3\u001b[27m456789a\"\u001b[39m",
                "name": "toBe",
                "pass": false
              }
            }
          ],
          "failureMessages": [
            "Error: \u001b[2mexpect(\u001b[22m\u001b[31mreceived\u001b[39m\u001b[2m).\u001b[22mtoBe\u001b[2m(\u001b[22m\u001b[32mexpected\u001b[39m\u001b[2m) // Object.is equality\u001b[22m\n\nExpected: \u001b[32m\"0x123456789a...456789a\"\u001b[39m\nReceived: \u001b[31m\"0x123456789a...\u001b[7m3\u001b[27m456789a\"\u001b[39m\n    at Object.<anonymous> (/Users/yuanzhijia/Desktop/yideng-interface/tests/unit/address.spec.ts:56:53)\n    at Promise.then.completed (/Users/yuanzhijia/Desktop/yideng-interface/node_modules/.pnpm/jest-circus@29.7.0/node_modules/jest-circus/build/utils.js:298:28)\n    at new Promise (<anonymous>)\n    at callAsyncCircusFn (/Users/yuanzhijia/Desktop/yideng-interface/node_modules/.pnpm/jest-circus@29.7.0/node_modules/jest-circus/build/utils.js:231:10)\n    at _callCircusTest (/Users/yuanzhijia/Desktop/yideng-interface/node_modules/.pnpm/jest-circus@29.7.0/node_modules/jest-circus/build/run.js:316:40)\n    at processTicksAndRejections (node:internal/process/task_queues:105:5)\n    at _runTest (/Users/yuanzhijia/Desktop/yideng-interface/node_modules/.pnpm/jest-circus@29.7.0/node_modules/jest-circus/build/run.js:252:3)\n    at _runTestsForDescribeBlock (/Users/yuanzhijia/Desktop/yideng-interface/node_modules/.pnpm/jest-circus@29.7.0/node_modules/jest-circus/build/run.js:148:7)\n    at _runTestsForDescribeBlock (/Users/yuanzhijia/Desktop/yideng-interface/node_modules/.pnpm/jest-circus@29.7.0/node_modules/jest-circus/build/run.js:121:9)\n    at run (/Users/yuanzhijia/Desktop/yideng-interface/node_modules/.pnpm/jest-circus@29.7.0/node_modules/jest-circus/build/run.js:71:3)\n    at runAndTransformResultsToJestFormat (/Users/yuanzhijia/Desktop/yideng-interface/node_modules/.pnpm/jest-circus@29.7.0/node_modules/jest-circus/build/legacy-code-todo-rewrite/jestAdapterInit.js:122:21)\n    at jestAdapter (/Users/yuanzhijia/Desktop/yideng-interface/node_modules/.pnpm/jest-circus@29.7.0/node_modules/jest-circus/build/legacy-code-todo-rewrite/jestAdapter.js:79:19)\n    at runTestInternal (/Users/yuanzhijia/Desktop/yideng-interface/node_modules/.pnpm/jest-runner@29.7.0/node_modules/jest-runner/build/runTest.js:367:16)\n    at runTest (/Users/yuanzhijia/Desktop/yideng-interface/node_modules/.pnpm/jest-runner@29.7.0/node_modules/jest-runner/build/runTest.js:444:34)"
          ],
          "fullName": "formatWalletAddress handles various start and end length combinations",
          "invocations": 2,
          "location": null,
          "numPassingAsserts": 1,
          "retryReasons": [],
          "status": "failed",
          "title": "handles various start and end length combinations"
        },
        {
          "ancestorTitles": [
            "formatWalletAddress"
          ],
          "duration": 0,
          "failureDetails": [],
          "failureMessages": [],
          "fullName": "formatWalletAddress handles null or undefined address",
          "invocations": 1,
          "location": null,
          "numPassingAsserts": 2,
          "retryReasons": [],
          "status": "passed",
          "title": "handles null or undefined address"
        },
        {
          "ancestorTitles": [
            "formatWalletAddress"
          ],
          "duration": 0,
          "failureDetails": [
            {
              "matcherResult": {
                "actual": "0x123456...7890",
                "expected": "0x1234567890",
                "message": "\u001b[2mexpect(\u001b[22m\u001b[31mreceived\u001b[39m\u001b[2m).\u001b[22mtoBe\u001b[2m(\u001b[22m\u001b[32mexpected\u001b[39m\u001b[2m) // Object.is equality\u001b[22m\n\nExpected: \u001b[32m\"0x1234567890\"\u001b[39m\nReceived: \u001b[31m\"0x123456\u001b[7m...\u001b[27m7890\"\u001b[39m",
                "name": "toBe",
                "pass": false
              }
            }
          ],
          "failureMessages": [
            "Error: \u001b[2mexpect(\u001b[22m\u001b[31mreceived\u001b[39m\u001b[2m).\u001b[22mtoBe\u001b[2m(\u001b[22m\u001b[32mexpected\u001b[39m\u001b[2m) // Object.is equality\u001b[22m\n\nExpected: \u001b[32m\"0x1234567890\"\u001b[39m\nReceived: \u001b[31m\"0x123456\u001b[7m...\u001b[27m7890\"\u001b[39m\n    at Object.<anonymous> (/Users/yuanzhijia/Desktop/yideng-interface/tests/unit/address.spec.ts:77:31)\n    at Promise.then.completed (/Users/yuanzhijia/Desktop/yideng-interface/node_modules/.pnpm/jest-circus@29.7.0/node_modules/jest-circus/build/utils.js:298:28)\n    at new Promise (<anonymous>)\n    at callAsyncCircusFn (/Users/yuanzhijia/Desktop/yideng-interface/node_modules/.pnpm/jest-circus@29.7.0/node_modules/jest-circus/build/utils.js:231:10)\n    at _callCircusTest (/Users/yuanzhijia/Desktop/yideng-interface/node_modules/.pnpm/jest-circus@29.7.0/node_modules/jest-circus/build/run.js:316:40)\n    at processTicksAndRejections (node:internal/process/task_queues:105:5)\n    at _runTest (/Users/yuanzhijia/Desktop/yideng-interface/node_modules/.pnpm/jest-circus@29.7.0/node_modules/jest-circus/build/run.js:252:3)\n    at _runTestsForDescribeBlock (/Users/yuanzhijia/Desktop/yideng-interface/node_modules/.pnpm/jest-circus@29.7.0/node_modules/jest-circus/build/run.js:148:7)\n    at _runTestsForDescribeBlock (/Users/yuanzhijia/Desktop/yideng-interface/node_modules/.pnpm/jest-circus@29.7.0/node_modules/jest-circus/build/run.js:121:9)\n    at run (/Users/yuanzhijia/Desktop/yideng-interface/node_modules/.pnpm/jest-circus@29.7.0/node_modules/jest-circus/build/run.js:71:3)\n    at runAndTransformResultsToJestFormat (/Users/yuanzhijia/Desktop/yideng-interface/node_modules/.pnpm/jest-circus@29.7.0/node_modules/jest-circus/build/legacy-code-todo-rewrite/jestAdapterInit.js:122:21)\n    at jestAdapter (/Users/yuanzhijia/Desktop/yideng-interface/node_modules/.pnpm/jest-circus@29.7.0/node_modules/jest-circus/build/legacy-code-todo-rewrite/jestAdapter.js:79:19)\n    at runTestInternal (/Users/yuanzhijia/Desktop/yideng-interface/node_modules/.pnpm/jest-runner@29.7.0/node_modules/jest-runner/build/runTest.js:367:16)\n    at runTest (/Users/yuanzhijia/Desktop/yideng-interface/node_modules/.pnpm/jest-runner@29.7.0/node_modules/jest-runner/build/runTest.js:444:34)"
          ],
          "fullName": "formatWalletAddress handles non-standard length addresses",
          "invocations": 2,
          "location": null,
          "numPassingAsserts": 0,
          "retryReasons": [],
          "status": "failed",
          "title": "handles non-standard length addresses"
        }
      ],
      "failureMessage": "\u001b[1m\u001b[31m  \u001b[1m● \u001b[22m\u001b[1mformatWalletAddress › handles address equal to start + end length\u001b[39m\u001b[22m\n\n    \u001b[2mexpect(\u001b[22m\u001b[31mreceived\u001b[39m\u001b[2m).\u001b[22mtoBe\u001b[2m(\u001b[22m\u001b[32mexpected\u001b[39m\u001b[2m) // Object.is equality\u001b[22m\n\n    Expected: \u001b[32m\"0x123456\u001b[7m7890\u001b[27m1234\"\u001b[39m\n    Received: \u001b[31m\"0x123456\u001b[7m...\u001b[27m1234\"\u001b[39m\n\u001b[2m\u001b[22m\n\u001b[2m    \u001b[0m \u001b[90m 45 |\u001b[39m   \u001b[90m// 测试不同的起始和结束长度组合\u001b[39m\u001b[22m\n\u001b[2m     \u001b[90m 46 |\u001b[39m   test(\u001b[32m'handles various start and end length combinations'\u001b[39m\u001b[33m,\u001b[39m () \u001b[33m=>\u001b[39m {\u001b[22m\n\u001b[2m    \u001b[31m\u001b[1m>\u001b[22m\u001b[2m\u001b[39m\u001b[90m 47 |\u001b[39m     \u001b[36mconst\u001b[39m address \u001b[33m=\u001b[39m \u001b[32m'0x123456789abcdef123456789abcdef123456789a'\u001b[39m\u001b[33m;\u001b[39m\u001b[22m\n\u001b[2m     \u001b[90m    |\u001b[39m           \u001b[31m\u001b[1m^\u001b[22m\u001b[2m\u001b[39m\u001b[22m\n\u001b[2m     \u001b[90m 48 |\u001b[39m\u001b[22m\n\u001b[2m     \u001b[90m 49 |\u001b[39m     \u001b[90m// 测试更短的长度\u001b[39m\u001b[22m\n\u001b[2m     \u001b[90m 50 |\u001b[39m     expect(formatWalletAddress(address\u001b[33m,\u001b[39m \u001b[35m4\u001b[39m\u001b[33m,\u001b[39m \u001b[35m2\u001b[39m))\u001b[33m.\u001b[39mtoBe(\u001b[32m'0x1234...9a'\u001b[39m)\u001b[33m;\u001b[39m\u001b[0m\u001b[22m\n\u001b[2m\u001b[22m\n\u001b[2m      \u001b[2mat Object.address (\u001b[22m\u001b[2m\u001b[0m\u001b[36mtests/unit/address.spec.ts\u001b[39m\u001b[0m\u001b[2m:47:11)\u001b[22m\u001b[2m\u001b[22m\n\n\u001b[1m\u001b[31m  \u001b[1m● \u001b[22m\u001b[1mformatWalletAddress › handles various start and end length combinations\u001b[39m\u001b[22m\n\n    \u001b[2mexpect(\u001b[22m\u001b[31mreceived\u001b[39m\u001b[2m).\u001b[22mtoBe\u001b[2m(\u001b[22m\u001b[32mexpected\u001b[39m\u001b[2m) // Object.is equality\u001b[22m\n\n    Expected: \u001b[32m\"0x123456789a...456789a\"\u001b[39m\n    Received: \u001b[31m\"0x123456789a...\u001b[7m3\u001b[27m456789a\"\u001b[39m\n\u001b[2m\u001b[22m\n\u001b[2m    \u001b[0m \u001b[90m 54 |\u001b[39m\u001b[22m\n\u001b[2m     \u001b[90m 55 |\u001b[39m     \u001b[90m// 测试相等的起始和结束长度\u001b[39m\u001b[22m\n\u001b[2m    \u001b[31m\u001b[1m>\u001b[22m\u001b[2m\u001b[39m\u001b[90m 56 |\u001b[39m     expect(formatWalletAddress(address\u001b[33m,\u001b[39m \u001b[35m5\u001b[39m\u001b[33m,\u001b[39m \u001b[35m5\u001b[39m))\u001b[33m.\u001b[39mtoBe(\u001b[32m'0x12345...789a'\u001b[39m)\u001b[33m;\u001b[39m\u001b[22m\n\u001b[2m     \u001b[90m    |\u001b[39m                                                     \u001b[31m\u001b[1m^\u001b[22m\u001b[2m\u001b[39m\u001b[22m\n\u001b[2m     \u001b[90m 57 |\u001b[39m   })\u001b[33m;\u001b[39m\u001b[22m\n\u001b[2m     \u001b[90m 58 |\u001b[39m\u001b[22m\n\u001b[2m     \u001b[90m 59 |\u001b[39m   \u001b[90m// 测试null或undefined的情况\u001b[39m\u001b[0m\u001b[22m\n\u001b[2m\u001b[22m\n\u001b[2m      \u001b[2mat Object.<anonymous> (\u001b[22m\u001b[2m\u001b[0m\u001b[36mtests/unit/address.spec.ts\u001b[39m\u001b[0m\u001b[2m:56:53)\u001b[22m\u001b[2m\u001b[22m\n\n\u001b[1m\u001b[31m  \u001b[1m● \u001b[22m\u001b[1mformatWalletAddress › handles non-standard length addresses\u001b[39m\u001b[22m\n\n    \u001b[2mexpect(\u001b[22m\u001b[31mreceived\u001b[39m\u001b[2m).\u001b[22mtoBe\u001b[2m(\u001b[22m\u001b[32mexpected\u001b[39m\u001b[2m) // Object.is equality\u001b[22m\n\n    Expected: \u001b[32m\"0x1234567890\"\u001b[39m\n    Received: \u001b[31m\"0x123456\u001b[7m...\u001b[27m7890\"\u001b[39m\n\u001b[2m\u001b[22m\n\u001b[2m    \u001b[0m \u001b[90m 75 |\u001b[39m     \u001b[90m// 长地址应该正确格式化\u001b[39m\u001b[22m\n\u001b[2m     \u001b[90m 76 |\u001b[39m     expect(formatWalletAddress(longAddress))\u001b[33m.\u001b[39mtoBe(\u001b[22m\n\u001b[2m    \u001b[31m\u001b[1m>\u001b[22m\u001b[2m\u001b[39m\u001b[90m 77 |\u001b[39m       \u001b[32m`0x${'1'.repeat(6)}...${'1'.repeat(4)}`\u001b[39m\u001b[22m\n\u001b[2m     \u001b[90m    |\u001b[39m                               \u001b[31m\u001b[1m^\u001b[22m\u001b[2m\u001b[39m\u001b[22m\n\u001b[2m     \u001b[90m 78 |\u001b[39m     )\u001b[33m;\u001b[39m\u001b[22m\n\u001b[2m     \u001b[90m 79 |\u001b[39m   })\u001b[33m;\u001b[39m\u001b[22m\n\u001b[2m     \u001b[90m 80 |\u001b[39m })\u001b[33m;\u001b[39m\u001b[0m\u001b[22m\n\u001b[2m\u001b[22m\n\u001b[2m      \u001b[2mat Object.<anonymous> (\u001b[22m\u001b[2m\u001b[0m\u001b[36mtests/unit/address.spec.ts\u001b[39m\u001b[0m\u001b[2m:77:31)\u001b[22m\u001b[2m\u001b[22m\n"
    },
    {
      "leaks": false,
      "numFailingTests": 0,
      "numPassingTests": 1,
      "numPendingTests": 0,
      "numTodoTests": 0,
      "openHandles": [],
      "perfStats": {
        "end": 1739696467329,
        "runtime": 28,
        "slow": false,
        "start": 1739696467301
      },
      "skipped": false,
      "snapshot": {
        "added": 0,
        "fileDeleted": false,
        "matched": 0,
        "unchecked": 0,
        "uncheckedKeys": [],
        "unmatched": 0,
        "updated": 0
      },
      "testFilePath": "/Users/yuanzhijia/Desktop/yideng-interface/tests/unit/index.spec.ts",
      "testResults": [
        {
          "ancestorTitles": [
            "综合性的测试"
          ],
          "duration": 0,
          "failureDetails": [],
          "failureMessages": [],
          "fullName": "综合性的测试 简单的测试",
          "invocations": 1,
          "location": null,
          "numPassingAsserts": 1,
          "retryReasons": [],
          "status": "passed",
          "title": "简单的测试"
        }
      ],
      "failureMessage": null
    }
  ],
  "wasInterrupted": false
}